"","Well","ExptType","Experiment","Sample","TargetType","Target","Status","Concentration","Supermix","CopiesPer20uLWell","TotalConfMax","TotalConfMin","PoissonConfMax","PoissonConfMin","Positives","Negatives","Ch1+Ch2+","Ch1+Ch2-","Ch1-Ch2+","Ch1-Ch2-","Linkage","AcceptedDroplets","CNV","TotalCNVMax","TotalCNVMin","PoissonCNVMax","PoissonCNVMin","ReferenceCopies","UnknownCopies","Ratio","TotalRatioMax","TotalRatioMin","PoissonRatioMax","PoissonRatioMin","FractionalAbundance","TotalFractionalAbundanceMax","TotalFractionalAbundanceMin","PoissonFractionalAbundanceMax","PoissonFractionalAbundanceMin","ReferenceAssayNumber","TargetAssayNumber","Threshold","MeanAmplitudeofPositives","MeanAmplitudeofNegatives","MeanAmplitudeTotal","ExperimentComments","MergedWells","TotalConfMax68","TotalConfMin68","PoissonConfMax68","PoissonConfMin68","TotalCNVMax68","TotalCNVMin68","PoissonCNVMax68","PoissonCNVMin68","TotalRatioMax68","TotalRatioMin68","PoissonRatioMax68","PoissonRatioMin68","TotalFractionalAbundanceMax68","TotalFractionalAbundanceMin68","PoissonFractionalAbundanceMax68","PoissonFractionalAbundanceMin68"
"1","A01","Rare Event Detection","RED","26AA241218I","Ch1Unknown","N1","Manual",1.41,"One-Step RT-ddPCR Kit for Probes",28.2,NA,NA,2.09,1.13,22,18332,0,22,26,18306,0,18354,NA,NA,NA,NA,NA,NA,NA,0.85,NA,NA,1.33,0.36,46,NA,NA,60,32,1,1,5507,7660.4,1775,1782,"Rare Event Detection Experiment",NA,NA,NA,1.7,0,NA,NA,NA,NA,NA,NA,1.09,0.6,NA,NA,53,"39,"
"2","A02","Rare Event Detection","RED","26AA241218I","Ch1Unknown","N1","Manual",1.37,"One-Step RT-ddPCR Kit for Probes",27.4,NA,NA,2.01,1.11,23,19712,0,23,23,19689,0,19735,NA,NA,NA,NA,NA,NA,NA,1,NA,NA,1.6,0.4,50,NA,NA,65,35,1,1,5507,7696.6,1798.8,1805.7,"Rare Event Detection Experiment",NA,NA,NA,1.7,0,NA,NA,NA,NA,NA,NA,1.29,0.71,NA,NA,57,"43,"
"3","A03","Rare Event Detection","RED","26AA241218I","Ch1Unknown","N1","Manual",1.14,"One-Step RT-ddPCR Kit for Probes",22.8,NA,NA,1.74,0.9,19,19529,0,19,16,19513,0,19548,NA,NA,NA,NA,NA,NA,NA,1.2,NA,NA,2,0.4,54,NA,NA,71,38,1,1,5507,7620.8,1789.3,1795,"Rare Event Detection Experiment",NA,NA,NA,1.4,0,NA,NA,NA,NA,NA,NA,1.59,0.78,NA,NA,63,"46,"
"4","A04","Rare Event Detection","RED","26TM241221I","Ch1Unknown","N1","Manual",2.5,"One-Step RT-ddPCR Kit for Probes",50,NA,NA,3.4,2.1,38,17748,0,38,4,17744,0,17786,NA,NA,NA,NA,NA,NA,NA,10,NA,NA,20,0,90,NA,NA,100,81,1,1,5507,7780.8,1887.5,1900.1,"Rare Event Detection Experiment",NA,NA,NA,2.9,0,NA,NA,NA,NA,NA,NA,15,4,NA,NA,95.1,"85.9,"
"5","A05","Rare Event Detection","RED","26TM241221I","Ch1Unknown","N1","Manual",2.6,"One-Step RT-ddPCR Kit for Probes",52,NA,NA,3.6,2.3,40,17747,1,39,3,17744,0.0657,17787,NA,NA,NA,NA,NA,NA,NA,10,NA,NA,21,0,91,NA,NA,100,82,1,1,5507,7749.2,1896.5,1909.7,"Rare Event Detection Experiment",NA,NA,NA,3.1,0,NA,NA,NA,NA,NA,NA,15,5,NA,NA,95.3,"86.5,"
"6","A06","Rare Event Detection","RED","26TM241221I","Ch1Unknown","N1","Manual",3.5,"One-Step RT-ddPCR Kit for Probes",70,NA,NA,4.6,3.1,56,18576,0,56,4,18572,0,18632,NA,NA,NA,NA,NA,NA,NA,14,NA,NA,29,0,93,NA,NA,100,87,1,1,5507,7760.4,1921.6,1939.2,"Rare Event Detection Experiment",NA,NA,NA,4,0,NA,NA,NA,NA,NA,NA,21,7,NA,NA,96.6,"90.1,"
"7","A08","Rare Event Detection","RED","NEG","Ch1Negative Control","N1","Manual",0,"One-Step RT-ddPCR Kit for Probes",0,NA,NA,0.19,0,0,18501,0,0,0,18501,0,18501,NA,NA,NA,NA,NA,NA,NA,NA,NA,NA,NA,NA,NA,NA,NA,NA,NA,1,1,5507,0,1713.3,1713.3,"Rare Event Detection Experiment",NA,NA,NA,0.087,0,NA,NA,NA,NA,NA,NA,NA,NA,NA,NA,NA,","
"8","B01","Rare Event Detection","RED","26AA241219I","Ch1Unknown","N1","Manual",0.48,"One-Step RT-ddPCR Kit for Probes",9.6,NA,NA,0.93,0.32,7,17314,0,7,2,17312,0,17321,NA,NA,NA,NA,NA,NA,NA,3.5,NA,NA,9.5,0,78,NA,NA,107,48,1,1,5507,7715.2,1786.2,1788.6,"Rare Event Detection Experiment",NA,NA,NA,0.68,0,NA,NA,NA,NA,NA,NA,6.4,0.6,NA,NA,92,"63,"
"9","B02","Rare Event Detection","RED","26AA241219I","Ch1Unknown","N1","Manual",0.73,"One-Step RT-ddPCR Kit for Probes",14.6,NA,NA,1.25,0.53,11,17731,0,11,2,17729,0,17742,NA,NA,NA,NA,NA,NA,NA,6,NA,NA,15,0,85,NA,NA,106,63,1,1,5507,7720.6,1810,1813.6,"Rare Event Detection Experiment",NA,NA,NA,0.97,0,NA,NA,NA,NA,NA,NA,9.9,1.1,NA,NA,95,"74,"
"10","B03","Rare Event Detection","RED","26AA241219I","Ch1Unknown","N1","Manual",0.79,"One-Step RT-ddPCR Kit for Probes",15.8,NA,NA,1.3,0.59,13,19365,0,13,4,19361,0,19378,NA,NA,NA,NA,NA,NA,NA,3.3,NA,NA,7,0,76,NA,NA,97,55,1,1,5507,7692,1821.4,1825.3,"Rare Event Detection Experiment",NA,NA,NA,1,0,NA,NA,NA,NA,NA,NA,5.1,1.4,NA,NA,87,"66,"
"11","B04","Rare Event Detection","RED","26TM241222I","Ch1Unknown","N1","Manual",1.8,"One-Step RT-ddPCR Kit for Probes",36,NA,NA,2.6,1.5,27,17670,0,27,1,17669,0,17697,NA,NA,NA,NA,NA,NA,NA,27,NA,NA,92,0,96,NA,NA,105,88,1,1,5507,7586.6,1839.6,1848.4,"Rare Event Detection Experiment",NA,NA,NA,2.2,0,NA,NA,NA,NA,NA,NA,57,0,NA,NA,100.3,"92.6,"
"12","B05","Rare Event Detection","RED","26TM241222I","Ch1Unknown","N1","Manual",1.6,"One-Step RT-ddPCR Kit for Probes",32,NA,NA,2.3,1.3,24,17871,0,24,2,17869,0,17895,NA,NA,NA,NA,NA,NA,NA,12,NA,NA,31,0,92,NA,NA,104,81,1,1,5507,7541.3,1828.3,1836,"Rare Event Detection Experiment",NA,NA,NA,1.9,0,NA,NA,NA,NA,NA,NA,21,3,NA,NA,98,"87,"
"13","B06","Rare Event Detection","RED","26TM241222I","Ch1Unknown","N1","Manual",2,"One-Step RT-ddPCR Kit for Probes",40,NA,NA,2.8,1.7,31,18194,0,31,3,18191,0,18225,NA,NA,NA,NA,NA,NA,NA,10,NA,NA,23,0,91,NA,NA,101,81,1,1,5507,7468.6,1872.8,1882.4,"Rare Event Detection Experiment",NA,NA,NA,2.4,0,NA,NA,NA,NA,NA,NA,17,4,NA,NA,96,"86,"
"14","B08","Rare Event Detection","RED","NEG","Ch1Negative Control","N1","Manual",0,"One-Step RT-ddPCR Kit for Probes",0,NA,NA,0.2,0,0,17897,0,0,0,17897,0,17897,NA,NA,NA,NA,NA,NA,NA,NA,NA,NA,NA,NA,NA,NA,NA,NA,NA,1,1,5507,0,1730.9,1730.9,"Rare Event Detection Experiment",NA,NA,NA,0.09,0,NA,NA,NA,NA,NA,NA,NA,NA,NA,NA,NA,","
"15","C01","Rare Event Detection","RED","26AA241220I","Ch1Unknown","N1","Manual",1.41,"One-Step RT-ddPCR Kit for Probes",28.2,NA,NA,2.11,1.13,21,17477,0,21,4,17473,0,17498,NA,NA,NA,NA,NA,NA,NA,5,NA,NA,11,0,84,NA,NA,99,69,1,1,5507,7669.4,1838.1,1845.1,"Rare Event Detection Experiment",NA,NA,NA,1.7,0,NA,NA,NA,NA,NA,NA,8.2,2.3,NA,NA,91,"77,"
"16","C02","Rare Event Detection","RED","26AA241220I","Ch1Unknown","N1","Manual",2,"One-Step RT-ddPCR Kit for Probes",40,NA,NA,2.8,1.7,32,18722,0,32,8,18714,0,18754,NA,NA,NA,NA,NA,NA,NA,4,NA,NA,7.2,0.8,80,NA,NA,93,67,1,1,5507,7662.2,1849.6,1859.5,"Rare Event Detection Experiment",NA,NA,NA,2.4,0,NA,NA,NA,NA,NA,NA,5.6,2.4,NA,NA,86,"74,"
"17","C03","Rare Event Detection","RED","26AA241220I","Ch1Unknown","N1","Manual",1.7,"One-Step RT-ddPCR Kit for Probes",34,NA,NA,2.4,1.4,28,19468,0,28,6,19462,0,19496,NA,NA,NA,NA,NA,NA,NA,4.7,NA,NA,8.9,0.4,82,NA,NA,96,69,1,1,5507,7687.3,1854.8,1863.2,"Rare Event Detection Experiment",NA,NA,NA,2,0,NA,NA,NA,NA,NA,NA,6.8,2.5,NA,NA,89,"76,"
"18","C04","Rare Event Detection","RED","26TM241223I","Ch1Unknown","N1","Manual",3.4,"One-Step RT-ddPCR Kit for Probes",68,NA,NA,4.4,3,53,18239,1,52,4,18235,0.0636,18292,NA,NA,NA,NA,NA,NA,NA,11,NA,NA,21,1,91,NA,NA,99,84,1,1,5507,7652.6,1862.7,1879.4,"Rare Event Detection Experiment",NA,NA,NA,3.9,0,NA,NA,NA,NA,NA,NA,16,6,NA,NA,95.1,"87.7,"
"19","C05","Rare Event Detection","RED","26TM241223I","Ch1Unknown","N1","Manual",3.9,"One-Step RT-ddPCR Kit for Probes",78,NA,NA,5,3.5,62,18480,2,60,3,18477,0.126,18542,NA,NA,NA,NA,NA,NA,NA,12,NA,NA,24,1,93,NA,NA,99,86,1,1,5507,7588.7,1862,1881.2,"Rare Event Detection Experiment",NA,NA,NA,4.5,0,NA,NA,NA,NA,NA,NA,18,7,NA,NA,95.8,"89.3,"
"20","C06","Rare Event Detection","RED","26TM241223I","Ch1Unknown","N1","Manual",3.6,"One-Step RT-ddPCR Kit for Probes",72,NA,NA,4.7,3.1,52,17000,0,52,2,16998,0,17052,NA,NA,NA,NA,NA,NA,NA,26,NA,NA,66,0,96,NA,NA,102,91,1,1,5507,7452.5,1907.1,1924,"Rare Event Detection Experiment",NA,NA,NA,4.1,0,NA,NA,NA,NA,NA,NA,46,6,NA,NA,99,"93.6,"
"21","C08","Rare Event Detection","RED","NEG","Ch1Negative Control","N1","Manual",0,"One-Step RT-ddPCR Kit for Probes",0,NA,NA,0.19,0,0,18791,0,0,0,18791,0,18791,NA,NA,NA,NA,NA,NA,NA,NA,NA,NA,NA,NA,NA,NA,NA,NA,NA,1,1,5507,0,1740.8,1740.8,"Rare Event Detection Experiment",NA,NA,NA,0.086,0,NA,NA,NA,NA,NA,NA,NA,NA,NA,NA,NA,","
"22","D01","Rare Event Detection","RED","26AA241221I","Ch1Unknown","N1","Manual",1.06,"One-Step RT-ddPCR Kit for Probes",21.2,NA,NA,1.67,0.82,16,17763,0,16,1,17762,0,17779,NA,NA,NA,NA,NA,NA,NA,16,NA,NA,55,0,94,NA,NA,108,81,1,1,5507,7633.7,1877.5,1882.7,"Rare Event Detection Experiment",NA,NA,NA,1.3,0,NA,NA,NA,NA,NA,NA,34,0,NA,NA,100,"88,"
"23","D02","Rare Event Detection","RED","26AA241221I","Ch1Unknown","N1","Manual",1.8,"One-Step RT-ddPCR Kit for Probes",36,NA,NA,2.5,1.5,28,18587,0,28,3,18584,0,18615,NA,NA,NA,NA,NA,NA,NA,9,NA,NA,21,0,90,NA,NA,101,79,1,1,5507,7452.6,1859.6,1868,"Rare Event Detection Experiment",NA,NA,NA,2.1,0,NA,NA,NA,NA,NA,NA,15,3,NA,NA,96,"85,"
"24","D03","Rare Event Detection","RED","26AA241221I","Ch1Unknown","N1","Manual",1.8,"One-Step RT-ddPCR Kit for Probes",36,NA,NA,2.6,1.5,28,18023,0,28,1,18022,0,18051,NA,NA,NA,NA,NA,NA,NA,28,NA,NA,95,0,97,NA,NA,105,89,1,1,5507,7700.3,1868,1877.1,"Rare Event Detection Experiment",NA,NA,NA,2.2,0,NA,NA,NA,NA,NA,NA,60,0,NA,NA,100.3,"92.8,"
"25","D04","Rare Event Detection","RED","26YC241221I","Ch1Unknown","N1","Manual",0.44,"One-Step RT-ddPCR Kit for Probes",8.8,NA,NA,0.86,0.29,7,18645,1,6,7,18638,0.0629,18652,NA,NA,NA,NA,NA,NA,NA,0.9,NA,NA,1.8,0,47,NA,NA,73,21,1,1,5507,7196.2,1790.4,1792.5,"Rare Event Detection Experiment",NA,NA,NA,0.63,0,NA,NA,NA,NA,NA,NA,1.33,0.42,NA,NA,60,"34,"
"26","D05","Rare Event Detection","RED","26YC241221I","Ch1Unknown","N1","Manual",1.11,"One-Step RT-ddPCR Kit for Probes",22.2,NA,NA,1.72,0.86,17,18064,0,17,19,18045,0,18081,NA,NA,NA,NA,NA,NA,NA,0.9,NA,NA,1.5,0.3,47,NA,NA,64,31,1,1,5507,7202.2,1801.2,1806.3,"Rare Event Detection Experiment",NA,NA,NA,1.4,0,NA,NA,NA,NA,NA,NA,1.19,0.6,NA,NA,56,"39,"
"27","D06","Rare Event Detection","RED","26YC241221I","Ch1Unknown","N1","Manual",0.87,"One-Step RT-ddPCR Kit for Probes",17.4,NA,NA,1.41,0.65,14,19008,0,14,10,18998,0,19022,NA,NA,NA,NA,NA,NA,NA,1.4,NA,NA,2.6,0.2,58,NA,NA,78,38,1,1,5507,7054.9,1729.4,1733.3,"Rare Event Detection Experiment",NA,NA,NA,1.1,0,NA,NA,NA,NA,NA,NA,2,0.8,NA,NA,68,"48,"
"28","D07","Rare Event Detection","RED","EXT","Ch1Negative Control","N1","Manual",0,"One-Step RT-ddPCR Kit for Probes",0,NA,NA,0.2,0,0,17776,0,0,0,17776,0,17776,NA,NA,NA,NA,NA,NA,NA,NA,NA,NA,NA,NA,NA,NA,NA,NA,NA,1,1,5507,0,1722.9,1722.9,"Rare Event Detection Experiment",NA,NA,NA,0.091,0,NA,NA,NA,NA,NA,NA,NA,NA,NA,NA,NA,","
"29","D08","Rare Event Detection","RED","NTC","Ch1NTC","N1","Manual",0,"One-Step RT-ddPCR Kit for Probes",0,NA,NA,0.19,0,0,18696,0,0,0,18696,0,18696,NA,NA,NA,NA,NA,NA,NA,NA,NA,NA,NA,NA,NA,NA,NA,NA,NA,1,1,5507,0,1765.4,1765.4,"Rare Event Detection Experiment",NA,NA,NA,0.086,0,NA,NA,NA,NA,NA,NA,NA,NA,NA,NA,NA,","
"30","E01","Rare Event Detection","RED","26FL241219I","Ch1Unknown","N1","Manual",1.24,"One-Step RT-ddPCR Kit for Probes",24.8,NA,NA,1.91,0.97,18,17098,0,18,0,17098,0,17116,NA,NA,NA,NA,NA,NA,NA,NA,NA,NA,NA,NA,NA,NA,NA,NA,NA,1,1,5507,7504.8,1669.6,1675.8,"Rare Event Detection Experiment",NA,NA,NA,1.6,0,NA,NA,NA,NA,NA,NA,NA,NA,NA,NA,NA,","
"31","E02","Rare Event Detection","RED","26FL241219I","Ch1Unknown","N1","Manual",1.04,"One-Step RT-ddPCR Kit for Probes",20.8,NA,NA,1.63,0.8,16,18153,0,16,0,18153,0,18169,NA,NA,NA,NA,NA,NA,NA,NA,NA,NA,NA,NA,NA,NA,NA,NA,NA,1,1,5507,7562.5,1680,1685.2,"Rare Event Detection Experiment",NA,NA,NA,1.3,0,NA,NA,NA,NA,NA,NA,NA,NA,NA,NA,NA,","
"32","E03","Rare Event Detection","RED","26FL241219I","Ch1Unknown","N1","Manual",1.42,"One-Step RT-ddPCR Kit for Probes",28.4,NA,NA,2.1,1.14,22,18273,0,22,0,18273,0,18295,NA,NA,NA,NA,NA,NA,NA,NA,NA,NA,NA,NA,NA,NA,NA,NA,NA,1,1,5507,7519.1,1691.9,1698.9,"Rare Event Detection Experiment",NA,NA,NA,1.7,0,NA,NA,NA,NA,NA,NA,NA,NA,NA,NA,NA,","
"33","E04","Rare Event Detection","RED","26YC241222I","Ch1Unknown","N1","Manual",0.91,"One-Step RT-ddPCR Kit for Probes",18.2,NA,NA,1.48,0.69,14,18084,0,14,6,18078,0,18098,NA,NA,NA,NA,NA,NA,NA,2.3,NA,NA,4.6,0,70,NA,NA,91,49,1,1,5507,7553.3,1876,1880.4,"Rare Event Detection Experiment",NA,NA,NA,1.2,0,NA,NA,NA,NA,NA,NA,3.5,1.2,NA,NA,80,"60,"
"34","E05","Rare Event Detection","RED","26YC241222I","Ch1Unknown","N1","Manual",1.36,"One-Step RT-ddPCR Kit for Probes",27.2,NA,NA,2.02,1.09,22,18966,0,22,6,18960,0,18988,NA,NA,NA,NA,NA,NA,NA,3.7,NA,NA,7.1,0.3,79,NA,NA,94,63,1,1,5507,7495.3,1853.8,1860.4,"Rare Event Detection Experiment",NA,NA,NA,1.7,0,NA,NA,NA,NA,NA,NA,5.4,2,NA,NA,86,"71,"
"35","E06","Rare Event Detection","RED","26YC241222I","Ch1Unknown","N1","Manual",1.31,"One-Step RT-ddPCR Kit for Probes",26.2,NA,NA,1.99,1.03,19,17090,0,19,3,17087,0,17109,NA,NA,NA,NA,NA,NA,NA,6,NA,NA,15,0,86,NA,NA,102,71,1,1,5507,7300,1860.8,1866.8,"Rare Event Detection Experiment",NA,NA,NA,1.6,0,NA,NA,NA,NA,NA,NA,10.4,2.3,NA,NA,94,"79,"
"36","E07","Rare Event Detection","RED","EXT","Ch1Negative Control","N1","Manual",0,"One-Step RT-ddPCR Kit for Probes",0,NA,NA,0.18,0,0,19324,0,0,0,19324,0,19324,NA,NA,NA,NA,NA,NA,NA,NA,NA,NA,NA,NA,NA,NA,NA,NA,NA,1,1,5507,0,1721.9,1721.9,"Rare Event Detection Experiment",NA,NA,NA,0.083,0,NA,NA,NA,NA,NA,NA,NA,NA,NA,NA,NA,","
"37","E08","Rare Event Detection","RED","NTC","Ch1NTC","N1","Manual",0,"One-Step RT-ddPCR Kit for Probes",0,NA,NA,0.2,0,0,17249,0,0,0,17249,0,17249,NA,NA,NA,NA,NA,NA,NA,NA,NA,NA,NA,NA,NA,NA,NA,NA,NA,1,1,5507,0,1765,1765,"Rare Event Detection Experiment",NA,NA,NA,0.093,0,NA,NA,NA,NA,NA,NA,NA,NA,NA,NA,NA,","
"38","F01","Rare Event Detection","RED","26FL241222I","Ch1Unknown","N1","Manual",1.06,"One-Step RT-ddPCR Kit for Probes",21.2,NA,NA,1.66,0.81,16,17830,0,16,5,17825,0,17846,NA,NA,NA,NA,NA,NA,NA,3.2,NA,NA,6.5,0,76,NA,NA,95,57,1,1,5507,7689.1,1710.6,1716,"Rare Event Detection Experiment",NA,NA,NA,1.3,0,NA,NA,NA,NA,NA,NA,4.9,1.5,NA,NA,86,"67,"
"39","F02","Rare Event Detection","RED","26FL241222I","Ch1Unknown","N1","Manual",1.19,"One-Step RT-ddPCR Kit for Probes",23.8,NA,NA,1.85,0.92,17,16863,0,17,7,16856,0,16880,NA,NA,NA,NA,NA,NA,NA,2.4,NA,NA,4.6,0.2,71,NA,NA,89,52,1,1,5507,7645.4,1722.5,1728.4,"Rare Event Detection Experiment",NA,NA,NA,1.5,0,NA,NA,NA,NA,NA,NA,3.5,1.3,NA,NA,80,"61,"
"40","F03","Rare Event Detection","RED","26FL241222I","Ch1Unknown","N1","Manual",0.88,"One-Step RT-ddPCR Kit for Probes",17.6,NA,NA,1.43,0.67,14,18683,0,14,12,18671,0,18697,NA,NA,NA,NA,NA,NA,NA,1.2,NA,NA,2.1,0.3,54,NA,NA,73,34,1,1,5507,7283.4,1715.3,1719.4,"Rare Event Detection Experiment",NA,NA,NA,1.1,0,NA,NA,NA,NA,NA,NA,1.63,0.71,NA,NA,64,"44,"
"41","F04","Rare Event Detection","RED","26JS241218I","Ch1Unknown","N1","Manual",3.2,"One-Step RT-ddPCR Kit for Probes",64,NA,NA,4.2,2.8,50,18137,1,49,274,17863,0.0161,18187,NA,NA,NA,NA,NA,NA,NA,0.18,NA,NA,0.24,0.13,15.3,NA,NA,19.2,11.4,1,1,5507,7555.1,1754.9,1770.8,"Rare Event Detection Experiment",NA,NA,NA,3.7,0,NA,NA,NA,NA,NA,NA,0.208,0.153,NA,NA,17.3,"13.3,"
"42","F05","Rare Event Detection","RED","26JS241218I","Ch1Unknown","N1","Manual",1.8,"One-Step RT-ddPCR Kit for Probes",36,NA,NA,2.6,1.5,28,18168,0,28,244,17924,0,18196,NA,NA,NA,NA,NA,NA,NA,0.114,NA,NA,0.159,0.069,10.2,NA,NA,13.9,6.6,1,1,5507,7541.4,1750.3,1759.2,"Rare Event Detection Experiment",NA,NA,NA,2.2,0,NA,NA,NA,NA,NA,NA,0.137,0.091,NA,NA,12.1,"8.4,"
"43","F06","Rare Event Detection","RED","26JS241218I","Ch1Unknown","N1","Manual",2.7,"One-Step RT-ddPCR Kit for Probes",54,NA,NA,3.6,2.3,39,16988,1,38,234,16754,0.0324,17027,NA,NA,NA,NA,NA,NA,NA,0.16,NA,NA,0.22,0.11,14.2,NA,NA,18.3,10,1,1,5507,7532.7,1743.3,1756.6,"Rare Event Detection Experiment",NA,NA,NA,3.2,0,NA,NA,NA,NA,NA,NA,0.193,0.137,NA,NA,16.3,"12.1,"
"44","F07","Rare Event Detection","RED","EXT","Ch1Negative Control","N1","Manual",0,"One-Step RT-ddPCR Kit for Probes",0,NA,NA,0.2,0,0,17761,0,0,0,17761,0,17761,NA,NA,NA,NA,NA,NA,NA,NA,NA,NA,NA,NA,NA,NA,NA,NA,NA,1,1,5507,0,1731.7,1731.7,"Rare Event Detection Experiment",NA,NA,NA,0.091,0,NA,NA,NA,NA,NA,NA,NA,NA,NA,NA,NA,","
"45","F08","Rare Event Detection","RED","NTC","Ch1NTC","N1","Manual",0,"One-Step RT-ddPCR Kit for Probes",0,NA,NA,0.2,0,0,17262,0,0,1,17261,0,17262,NA,NA,NA,NA,NA,NA,NA,NA,NA,NA,NA,NA,NA,NA,NA,NA,NA,1,1,5507,0,1750.3,1750.3,"Rare Event Detection Experiment",NA,NA,NA,0.093,0,NA,NA,NA,NA,NA,NA,NA,NA,NA,NA,NA,","
"46","G01","Rare Event Detection","RED","26JS241219I","Ch1Unknown","N1","Manual",3,"One-Step RT-ddPCR Kit for Probes",60,NA,NA,3.9,2.6,50,19855,0,50,31,19824,0,19905,NA,NA,NA,NA,NA,NA,NA,1.6,NA,NA,2.3,0.9,62,NA,NA,72,51,1,1,5507,7011.5,1544,1557.7,"Rare Event Detection Experiment",NA,NA,NA,3.4,0,NA,NA,NA,NA,NA,NA,1.98,1.25,NA,NA,67,"56,"
"47","G02","Rare Event Detection","RED","26JS241219I","Ch1Unknown","N1","Manual",2.5,"One-Step RT-ddPCR Kit for Probes",50,NA,NA,3.3,2.1,40,18906,0,40,24,18882,0,18946,NA,NA,NA,NA,NA,NA,NA,1.7,NA,NA,2.5,0.8,63,NA,NA,74,51,1,1,5507,7045,1561.9,1573.5,"Rare Event Detection Experiment",NA,NA,NA,2.9,0,NA,NA,NA,NA,NA,NA,2.1,1.24,NA,NA,69,"56,"
"48","G03","Rare Event Detection","RED","26JS241219I","Ch1Unknown","N1","Manual",2.7,"One-Step RT-ddPCR Kit for Probes",54,NA,NA,3.6,2.3,44,19317,0,44,15,19302,0,19361,NA,NA,NA,NA,NA,NA,NA,2.9,NA,NA,4.7,1.2,75,NA,NA,86,63,1,1,5507,7045.2,1544.6,1557.1,"Rare Event Detection Experiment",NA,NA,NA,3.1,0,NA,NA,NA,NA,NA,NA,3.8,2.1,NA,NA,80,"69,"
"49","G04","Rare Event Detection","RED","26YC241216I","Ch1Unknown","N1","Manual",0.96,"One-Step RT-ddPCR Kit for Probes",19.2,NA,NA,1.53,0.73,15,18390,0,15,10,18380,0,18405,NA,NA,NA,NA,NA,NA,NA,1.5,NA,NA,2.7,0.3,60,NA,NA,80,40,1,1,5507,7654.4,1858.3,1863,"Rare Event Detection Experiment",NA,NA,NA,1.2,0,NA,NA,NA,NA,NA,NA,2.1,0.9,NA,NA,70,"50,"
"50","G05","Rare Event Detection","RED","26YC241216I","Ch1Unknown","N1","Manual",1.9,"One-Step RT-ddPCR Kit for Probes",38,NA,NA,2.6,1.5,30,18913,0,30,12,18901,0,18943,NA,NA,NA,NA,NA,NA,NA,2.5,NA,NA,4.2,0.8,71,NA,NA,85,58,1,1,5507,7592.5,1837.1,1846.2,"Rare Event Detection Experiment",NA,NA,NA,2.2,0,NA,NA,NA,NA,NA,NA,3.4,1.6,NA,NA,78,"64,"
"51","G06","Rare Event Detection","RED","26YC241216I","Ch1Unknown","N1","Manual",1.9,"One-Step RT-ddPCR Kit for Probes",38,NA,NA,2.7,1.6,30,18572,0,30,14,18558,0,18602,NA,NA,NA,NA,NA,NA,NA,2.1,NA,NA,3.5,0.8,68,NA,NA,82,54,1,1,5507,7604.1,1863.6,1872.9,"Rare Event Detection Experiment",NA,NA,NA,2.3,0,NA,NA,NA,NA,NA,NA,2.8,1.4,NA,NA,75,"61,"
"52","H01","Rare Event Detection","RED","26TM241220I","Ch1Unknown","N1","Manual",2.8,"One-Step RT-ddPCR Kit for Probes",56,NA,NA,3.7,2.4,44,18637,0,44,0,18637,0,18681,NA,NA,NA,NA,NA,NA,NA,NA,NA,NA,NA,NA,NA,NA,NA,NA,NA,1,1,5507,7810.5,1954.6,1968.3,"Rare Event Detection Experiment",NA,NA,NA,3.2,0,NA,NA,NA,NA,NA,NA,NA,NA,NA,NA,NA,","
"53","H02","Rare Event Detection","RED","26TM241220I","Ch1Unknown","N1","Manual",3.4,"One-Step RT-ddPCR Kit for Probes",68,NA,NA,4.4,3,57,19543,0,57,5,19538,0,19600,NA,NA,NA,NA,NA,NA,NA,11,NA,NA,22,1,92,NA,NA,99,85,1,1,5507,7835.9,1936.5,1953.7,"Rare Event Detection Experiment",NA,NA,NA,3.9,0,NA,NA,NA,NA,NA,NA,17,6,NA,NA,95.5,"88.4,"
"54","H03","Rare Event Detection","RED","26TM241220I","Ch1Unknown","N1","Manual",1.9,"One-Step RT-ddPCR Kit for Probes",38,NA,NA,2.7,1.6,31,19134,0,31,6,19128,0,19165,NA,NA,NA,NA,NA,NA,NA,5.2,NA,NA,9.8,0.5,84,NA,NA,96,72,1,1,5507,7669.7,1910.6,1919.9,"Rare Event Detection Experiment",NA,NA,NA,2.3,0,NA,NA,NA,NA,NA,NA,7.5,2.8,NA,NA,90,"78,"
"55","H04","Rare Event Detection","RED","POS","Ch1Positive Control","N1","Manual",11.8,"One-Step RT-ddPCR Kit for Probes",236,NA,NA,13.6,10.9,174,17245,0,174,0,17245,0,17419,NA,NA,NA,NA,NA,NA,NA,NA,NA,NA,NA,NA,NA,NA,NA,NA,NA,1,1,5507,9393,1700.4,1777.2,"Rare Event Detection Experiment",NA,NA,NA,13,0,NA,NA,NA,NA,NA,NA,NA,NA,NA,NA,NA,","
"56","H05","Rare Event Detection","RED","POS","Ch1Positive Control","N1","Manual",11.3,"One-Step RT-ddPCR Kit for Probes",226,NA,NA,13,10.5,174,18011,0,174,0,18011,0,18185,NA,NA,NA,NA,NA,NA,NA,NA,NA,NA,NA,NA,NA,NA,NA,NA,NA,1,1,5507,9428.6,1694.6,1768.6,"Rare Event Detection Experiment",NA,NA,NA,12,0,NA,NA,NA,NA,NA,NA,NA,NA,NA,NA,NA,","
"57","H06","Rare Event Detection","RED","POS","Ch1Positive Control","N1","Manual",9.8,"One-Step RT-ddPCR Kit for Probes",196,NA,NA,11.3,9,157,18830,0,157,1,18829,0,18987,NA,NA,NA,NA,NA,NA,NA,NA,NA,NA,NA,NA,NA,NA,NA,NA,NA,1,1,5507,9658.8,1734.9,1800.5,"Rare Event Detection Experiment",NA,NA,NA,11,0,NA,NA,NA,NA,NA,NA,NA,NA,NA,NA,NA,","
